,608.99997712962963,"Stream Starting Soon"
608.9666437993827,1011.2666065493827,Intro
608.9666437993827,752.59996383333333,"Update 5 Teaser Season Supercut"
751.7332972469136,967.540672,"Snutt & Jace Talk: Update 5 Teaser Season Supercut & Update 5 Launch"
966.7332773395061,1011.270925,"Snutt & Jace Talk: Stream chat"
1011.2999398796296,1036.7999375185185,"State of Dev"
1011.2999398796296,1036.7999375185185,"State of Dev: Update 5"
1036.8332708487654,2959.973705,"Community Highlights"
1068.880632,1079.671532,"Q&A: Is the Australian release time the same as that time?"
1081.7999333518518,1089.961643,"Trolling: Golf is in Patch Notes"
1090.781025,1102.470053,"Q&A: Is Update 10 the official release of the game?"
2959.9997594444444,5153.6995563240735,"Fun Stuff"
4198.666311419753,4201.467462,"Q&A: Is Jace an aussie?"
4221.799642611111,4247.463418,"Q&A: Dedicated Servers with more than 4 players?"
4247.4996402314814,4257.680472,"Q&A: When does Update 4 come out? When does Update 5 come out?"
5097.134257,5152.865124,"Q&A: How do you make the video camera movements in your trailer?"
5153.73288965432,6908.966060466049,Q&A
5188.73288641358,5195.520066,"Q&A: Golf, when?"
5201.332885246913,5221.387351,"Q&A: Any news on FICS‚ÅïMAS?"
5222.740089,5278.6662114197525,"Q&A: Paintball, when?"
5283.643349,5297.973888,"Q&A: Why does the Early Access version already have a new logo?"
5297.999542962963,5385.740139,"Snutt & Jace Talk: Dedicated Servers available on Epic"
5385.766201503086,5400.303715,"Q&A: Snutt & Jace, are you coders?"
5400.332866820988,5443.732862802469,"Snutt & Jace Talk: Countdown to Update 5 Trailer"
5443.766196132716,5462.457111,"Q&A: Are you planning controller support?"
5464.290458,5495.929581,"Q&A: Will there be Mod support for Dedicated Servers?"
5495.966191299382,5571.28581,"Snutt & Jace Talk: Jace's audio levels"
5574.738038,5618.038897,"Q&A: Why hasn't Coffee Stain fixed inverted mouse on Vehicles?"
5618.797646,5733.849599,"Q&A: Will there be updates on Experimental?"
5735.300345,5869.428342,"Q&A: Will it be Update 6 next, or 1.0?"
5870.266357,5907.350522,"Q&A: What happened to the little outtake parts at the end of videos?"
5908.04042,6133.638973,"Q&A: Will there be a variable for SteamCMD for which version to choose?"
6133.666132253086,6201.518444,"Q&A: Where are the save files actually located?"
6202.942437,6253.440432,"Q&A: Why are my log files more than 1.5 gigabytes?"
6257.266120808642,6275.080774,"Q&A: Is Snutt your real name?"
6275.099452490741,6302.079594,"Q&A: How are those kick flips coming?"
6302.09944999074,6313.24705,"Q&A: From where are you guys, what nationality?"
6314.234365,6351.55304,"Q&A: VR Support?"
6351.599445407407,6364.191939,"Q&A: What state is Jace from?"
6364.232777570987,6369.68116,"Snutt & Jace Talk: Less than 10 minutes"
6369.699443731482,6444.869612,"Q&A: Any Teasers for what's coming next?"
6444.76610344753,6471.750653,"Q&A: Deep Rock Galactic enabled Unreal VR plugins for Modding, any chance you could do the same?"
6472.445218,6475.381513,"Q&A: Has Satisfactory exceeded expectations?"
6476.092788,6517.366922,"Snutt & Jace Talk: Planned Features"
6517.399430055555,6547.114503,"Q&A: Any Updates to Lore & Story?"
6552.309672,6610.354523,"Q&A: Creative Mode?"
6611.392219,6661.004918,"Snutt & Jace Talk: Don't spam"
6661.0327500895055,6717.017889,"Q&A: Where to post feedback?"
6717.066078234568,6772.139635,"Q&A: What do expect for Update 6?"
6774.847462,6784.240579,"Snutt & Jace Talk: Stream chat"
6784.266072012346,6810.7188,"Q&A: Adding Elevators?"
6810.766069558642,6908.952869,"Snutt & Jace Talk: Lost track of time"
6908.999393796296,7100.688292,"Update 5 Trailer"
7018.266050345679,7058.846009,"Snutt & Jace Talk: Update 5 is out"
7058.8660465864195,7100.688292,"Q&A: Who made the Trailer music?"
7100.732709376543,7296.491301,"Post-Release Q&A/Chat"
7108.299375342593,7149.602041,"Snutt & Jace Talk: Update 5 in Steam/Epic + Patch Notes"
7149.632704848766,7189.706659,"Snutt & Jace Talk: Dedicated Servers"
7189.732701135802,7273.149706,"Q&A: Update 5 is history, what about Update 6?"
7273.186131,7296.491301,"Community FYI: It's the Zoop Update"
7296.532691246914,,Outro
7310.916099,7363.546274,"Snutt & Jace Talk: Launcher issues"
7363.566018373456,7451.537169,"Q&A: Which app ids are there for the server branches on SteamCMD?"
