,565.46700596163816,Stream Starting Soon
565.46700596163816,599.005309,Intro
599.005309,1303.767877372158,State of Dev
606.00038713619193,621.383652,State of Dev: Releasing Update 4 on Early Access today
621.383652,636.86561,"Snutt Talk: Streaming on Twitch, YouTube, and Steam"
636.86561,687.994812,State of Dev: Jace is still on vacation
690.697684,775.109813,State of Dev: Trailer & Stream Schedule
775.109813,827.4339818257979,Snutt Talk: Snutt's Beard & Beanie
827.4339818257979,1074.4676067309116,State of Dev: Early Access branch and the Experimental branch
1074.4676067309116,1122.807214,State of Dev: The Modular Build
1122.807214,1171.962603,State of Dev: Update 4 bug fixing
1171.962603,1275.365078,State of Dev: Unofficial Mod Support & Update 4
1275.365078,1296.8678692281344,State of Dev: Reiterating Information later
1303.766903,1386.648083,"Q&A: If I play it on Experimental, will I still be able to load it if I switch to Early Access?"
1386.6346418457936,1444.599012,Snutt Talk: Verify your game files before checking the QA site
1455.1347226958824,1505.837998,Snutt Talk: We'll post the patch notes and everything when the Update drops
1505.837998,1558.322977,Snutt Talk: Snutt hasn't had time for lunch
1558.322977,1707.162654,Q&A: Dedicated Servers?
1707.1683535024624,1739.877184,Q&A: What're your plans for the future?
1739.877184,1807.6684721219358,Q&A: What're your plans for dinner?
1807.6684721219358,4155.686166,Community Highlights
1833.468502573502,2044.295458,Snutt Talk: Inviting a bunch of Coffee Stainers to look at the Community Highlights together
2105.731039,2156.762994,Hannah Talk: Floating rocks
4040.701496,4147.674035,Content Creator Highlight
4155.686166,7111.608065652077,Games & Fun
4236.294706,4352.299674,Snutt Talk: Schedule Reitereation & Store Discounts
4352.299674,4421.216082,Snutt Talk: Epic Store Support-a-creator revenue share
4421.216082,4464.700819,Snutt Talk: Update 4 being released on Early Access
4464.700819,4519.685072,Q&A: Will Update 4 on Early Access break Mods?
4551.729517,4563.536908,Q&A: Mods?
5100.388509,5132.438087,Snutt Talk: No surprise content in the Early Access release of Update 4
6214.354499,6285.17544,Snutt Talk: Are you excited for your Nuclear stuff to break?
6327.259459,6459.607296100866,Snutt Talk: The future of Satisfactory
6459.607296100866,6559.72657,Snutt Talk: Cheatcrete
6559.740747620899,6587.255816,Snutt Talk: Update 5 is probably going to be smaller than Update 4
6587.255816,6610.940808051914,Q&A: When is Update 5?
6610.940808051914,6635.114829,Q&A: What about 1.0?
6652.069241,6679.928238,Q&A: Anything about achievements?
6681.040890790472,6698.939684,Q&A: Train Collision?
6825.985829,6879.872322,Q&A: How many gigabytes is Update 4?
6901.607817790491,6950.851175,Q&A: Any info on Dedicated Servers?
6956.145611,6967.729984,"Q&A: Hover Pack, why not Tier 6?"
6968.72916,6974.084313,Q&A: Did you meet the Swedish Chef yet?
6990.93473,7048.823771,Q&A: Is the Engine Upgrade still on Experimental?
7093.608044406798,7253.608233253721,Countdown & Trailer
7111.608065652077,7253.608233253721,Trailer
7280.486312,7320.342219,Snutt Talk: Update 4 Trailer Music
7320.342219,7347.74998,Snutt Talk: Update 4 is out